CustomerID,SimilarCustomerID,SimilarityScore
C0002,C0002,0.9999999999999999
C0002,C0030,0.6586503065624391
C0002,C0173,0.45024031937925674
